Time,Unix,Aggregate,Appliance1,Appliance2,Appliance3,Appliance4,Appliance5,Appliance6,Appliance7,Appliance8,Appliance9
2013-12-17 17:24:18,1387301058,243,0,0,0,0,0,0,0,0,0
2013-12-17 17:24:33,1387301073,244,0,0,0,0,0,0,0,0,0
2013-12-17 17:24:48,1387301088,245,0,0,0,0,0,0,0,0,0
2013-12-17 17:25:03,1387301103,249,0,0,0,0,0,0,0,0,0
2013-12-17 17:25:18,1387301118,241,0,0,0,0,0,0,0,0,0
2013-12-17 17:25:19,1387301119,241,0,0,0,0,0,0,0,0,0
2013-12-17 17:25:33,1387301133,246,0,0,0,0,0,0,0,0,0
2013-12-17 17:25:34,1387301134,246,0,0,0,0,0,0,0,0,0
2013-12-17 17:25:48,1387301148,242,0,0,0,0,0,0,0,0,0
2013-12-17 17:25:49,1387301149,242,0,0,0,0,0,0,0,0,0
2013-12-17 17:26:03,1387301163,249,0,0,0,0,0,0,0,0,0
2013-12-17 17:26:04,1387301164,249,0,0,0,0,0,0,0,0,0
2013-12-17 17:26:18,1387301178,242,0,0,0,0,0,0,0,0,0
2013-12-17 17:26:20,1387301180,242,0,0,0,0,0,0,0,0,0
2013-12-17 17:26:33,1387301193,241,0,0,0,0,0,0,0,0,0
2013-12-17 17:26:35,1387301195,241,0,0,0,0,0,0,0,0,0
2013-12-17 17:26:48,1387301208,251,0,0,0,0,0,0,0,0,0
2013-12-17 17:26:49,1387301209,251,0,0,0,0,0,0,0,0,0
2013-12-17 17:27:03,1387301223,245,0,0,0,0,0,0,0,0,0
2013-12-17 17:27:04,1387301224,245,0,0,0,0,0,0,0,0,0
2013-12-17 17:27:18,1387301238,262,0,0,0,0,0,0,0,0,0
2013-12-17 17:27:19,1387301239,262,0,0,0,0,0,0,0,0,0
2013-12-17 17:27:33,1387301253,261,0,0,0,0,0,0,0,0,0
2013-12-17 17:27:34,1387301254,261,0,0,0,0,0,0,0,0,0
2013-12-17 17:27:48,1387301268,255,0,0,0,0,0,0,0,0,0
2013-12-17 17:27:49,1387301269,255,0,0,0,0,0,0,0,0,0
2013-12-17 17:28:03,1387301283,255,0,0,0,0,0,0,0,0,0
2013-12-17 17:28:04,1387301284,255,0,0,0,0,0,0,0,0,0
2013-12-17 17:28:18,1387301298,257,0,0,0,0,0,0,0,0,0
2013-12-17 17:28:19,1387301299,256,0,0,0,0,0,0,0,0,0
2013-12-17 17:28:33,1387301313,254,0,0,0,0,0,0,0,0,0
2013-12-17 17:28:34,1387301314,254,0,0,0,0,0,0,0,0,0
2013-12-17 17:28:48,1387301328,255,0,0,0,0,0,0,0,0,0
2013-12-17 17:29:03,1387301343,256,0,0,0,0,0,0,0,0,0
2013-12-17 17:29:17,1387301357,257,0,0,0,0,0,0,0,0,0
2013-12-17 17:29:18,1387301358,257,0,0,0,0,0,0,0,0,0
2013-12-17 17:29:19,1387301359,257,0,0,0,0,0,0,0,0,0
2013-12-17 17:29:32,1387301372,259,0,0,0,0,0,0,0,0,0
2013-12-17 17:29:33,1387301373,259,0,0,0,0,0,0,0,0,0
2013-12-17 17:29:34,1387301374,259,0,0,0,0,0,0,0,0,0
2013-12-17 17:29:48,1387301388,254,0,0,0,0,0,0,0,0,0
2013-12-17 17:29:49,1387301389,254,0,0,0,0,0,0,0,0,0
2013-12-17 17:30:03,1387301403,254,0,0,0,0,0,0,0,0,0
2013-12-17 17:30:04,1387301404,254,0,0,0,0,0,0,0,0,0
2013-12-17 17:30:34,1387301434,253,0,0,0,0,0,0,0,0,0
2013-12-17 17:30:35,1387301435,253,0,0,0,0,0,0,0,0,0
2013-12-17 17:30:49,1387301449,253,0,0,0,0,0,0,0,0,0
2013-12-17 17:30:50,1387301450,253,0,0,0,0,0,0,0,0,0
2013-12-17 17:31:04,1387301464,255,0,0,0,0,0,0,0,0,0
2013-12-17 17:31:05,1387301465,255,0,0,0,0,0,0,0,0,0
2013-12-17 17:31:18,1387301478,259,0,0,0,0,0,0,0,0,0
2013-12-17 17:31:19,1387301479,259,0,0,0,0,0,0,0,0,0
2013-12-17 17:31:20,1387301480,259,0,0,0,0,0,0,0,0,0
2013-12-17 17:31:33,1387301493,257,0,0,0,0,0,0,0,0,0
2013-12-17 17:31:34,1387301494,257,0,0,0,0,0,0,0,0,0
2013-12-17 17:31:35,1387301495,257,0,0,0,0,0,0,0,0,0
2013-12-17 17:31:48,1387301508,254,0,0,0,0,0,0,0,0,0
2013-12-17 17:31:49,1387301509,254,0,0,0,0,0,0,0,0,0
2013-12-17 17:32:03,1387301523,257,0,0,0,0,0,0,0,0,0
2013-12-17 17:32:04,1387301524,257,0,0,0,0,0,0,0,0,0
2013-12-17 17:32:18,1387301538,255,0,0,0,0,0,0,0,0,0
2013-12-17 17:32:19,1387301539,255,0,0,0,0,0,0,0,0,0
2013-12-17 17:32:33,1387301553,254,0,0,0,0,0,0,0,0,0
2013-12-17 17:32:48,1387301568,256,0,0,0,0,0,0,0,0,0
2013-12-17 17:33:03,1387301583,253,0,0,0,0,0,0,0,0,0
2013-12-17 17:33:17,1387301597,258,0,0,0,0,0,0,0,0,0
2013-12-17 17:33:18,1387301598,258,0,0,0,0,0,0,0,0,0
2013-12-17 17:33:19,1387301599,253,0,0,0,0,0,0,0,0,0
2013-12-17 17:33:32,1387301612,259,0,0,0,0,0,0,0,0,0
2013-12-17 17:33:33,1387301613,259,0,0,0,0,0,0,0,0,0
2013-12-17 17:33:34,1387301614,259,0,0,0,0,0,0,0,0,0
2013-12-17 17:33:48,1387301628,259,0,0,0,0,0,0,0,0,0
2013-12-17 17:33:49,1387301629,259,0,0,0,0,0,0,0,0,0
2013-12-17 17:34:03,1387301643,257,0,0,0,0,0,0,0,0,0
2013-12-17 17:34:04,1387301644,257,0,0,0,0,0,0,0,0,0
2013-12-17 17:34:18,1387301658,252,0,0,0,0,0,0,0,0,0
2013-12-17 17:34:19,1387301659,252,0,0,0,0,0,0,0,0,0
2013-12-17 17:34:33,1387301673,254,0,0,0,0,0,0,0,0,0
2013-12-17 17:34:34,1387301674,254,0,0,0,0,0,0,0,0,0
2013-12-17 17:34:48,1387301688,255,0,0,0,0,0,0,0,0,0
2013-12-17 17:34:49,1387301689,255,0,0,0,0,0,0,0,0,0
2013-12-17 17:35:03,1387301703,255,0,0,0,0,0,0,0,0,0
2013-12-17 17:35:18,1387301718,240,0,0,0,0,0,0,0,0,0
2013-12-17 17:35:33,1387301733,246,0,0,0,0,0,0,0,0,0
2013-12-17 17:35:48,1387301748,245,0,0,0,0,0,0,0,0,0
2013-12-17 17:36:03,1387301763,253,0,0,0,0,0,0,0,0,0
2013-12-17 17:36:18,1387301778,245,0,0,0,0,0,0,0,0,0
2013-12-17 17:36:19,1387301779,245,0,0,0,0,0,0,0,0,0
2013-12-17 17:36:33,1387301793,250,0,0,0,0,0,0,0,0,0
2013-12-17 17:36:48,1387301808,251,0,0,0,0,0,0,0,0,0
2013-12-17 17:37:02,1387301822,245,0,0,0,0,0,0,0,0,0
2013-12-17 17:37:03,1387301823,245,0,0,0,0,0,0,0,0,0
2013-12-17 17:37:17,1387301837,250,0,0,0,0,0,0,0,0,0
2013-12-17 17:37:18,1387301838,243,0,0,0,0,0,0,0,0,0
2013-12-17 17:37:19,1387301839,243,0,0,0,0,0,0,0,0,0
2013-12-17 17:37:32,1387301852,249,0,0,0,0,0,0,0,0,0
2013-12-17 17:37:33,1387301853,249,0,0,0,0,0,0,0,0,0
2013-12-17 17:37:34,1387301854,249,0,0,0,0,0,0,0,0,0
2013-12-17 17:37:48,1387301868,252,0,0,0,0,0,0,0,0,0
2013-12-17 17:37:49,1387301869,252,0,0,0,0,0,0,0,0,0
2013-12-17 17:38:03,1387301883,244,0,0,0,0,0,0,0,0,0
2013-12-17 17:38:04,1387301884,244,0,0,0,0,0,0,0,0,0
2013-12-17 17:38:18,1387301898,250,0,0,0,0,0,0,0,0,0
2013-12-17 17:38:19,1387301899,246,0,0,0,0,0,0,0,0,0
2013-12-17 17:38:33,1387301913,244,0,0,0,0,0,0,0,0,0
2013-12-17 17:38:48,1387301928,252,0,0,0,0,0,0,0,0,0
2013-12-17 17:39:03,1387301943,249,0,0,0,0,0,0,0,0,0
2013-12-17 17:39:18,1387301958,247,0,0,0,0,0,0,0,0,0
2013-12-17 17:39:19,1387301959,247,0,0,0,0,0,0,0,0,0
2013-12-17 17:39:33,1387301973,242,0,0,0,0,0,0,0,0,0
2013-12-17 17:39:34,1387301974,242,0,0,0,0,0,0,0,0,0
2013-12-17 17:39:48,1387301988,242,0,0,0,0,0,0,0,0,0
2013-12-17 17:39:49,1387301989,242,0,0,0,0,0,0,0,0,0
2013-12-17 17:40:03,1387302003,266,0,0,0,0,0,0,0,0,0
2013-12-17 17:40:04,1387302004,266,0,0,0,0,0,0,0,0,0
2013-12-17 17:40:18,1387302018,261,0,0,0,0,0,0,0,0,0
2013-12-17 17:40:19,1387302019,261,0,0,0,0,0,0,0,0,0
2013-12-17 17:40:33,1387302033,261,0,0,0,0,0,0,0,0,0
2013-12-17 17:40:34,1387302034,261,0,0,0,0,0,0,0,0,0
2013-12-17 17:40:48,1387302048,259,0,0,0,0,0,0,0,0,0
2013-12-17 17:40:49,1387302049,259,0,0,0,0,0,0,0,0,0
2013-12-17 17:41:03,1387302063,259,0,0,0,0,0,0,0,0,0
2013-12-17 17:41:04,1387302064,259,0,0,0,0,0,0,0,0,0
2013-12-17 17:41:18,1387302078,261,0,0,0,0,0,0,0,0,0
2013-12-17 17:41:19,1387302079,261,0,0,0,0,0,0,0,0,0
2013-12-17 17:41:33,1387302093,257,0,0,0,0,0,0,0,0,0
2013-12-17 17:41:34,1387302094,257,0,0,0,0,0,0,0,0,0
2013-12-17 17:41:48,1387302108,255,0,0,0,0,0,0,0,0,0
2013-12-17 17:41:49,1387302109,255,0,0,0,0,0,0,0,0,0
2013-12-17 17:42:03,1387302123,258,0,0,0,0,0,0,0,0,0
2013-12-17 17:42:18,1387302138,258,0,0,0,0,0,0,0,0,0
2013-12-17 17:42:19,1387302139,258,0,0,0,0,0,0,0,0,0
2013-12-17 17:42:33,1387302153,255,0,0,0,0,0,0,0,0,0
2013-12-17 17:42:34,1387302154,255,0,0,0,0,0,0,0,0,0
2013-12-17 17:42:48,1387302168,256,0,0,0,0,0,0,0,0,0
2013-12-17 17:42:49,1387302169,256,0,0,0,0,0,0,0,0,0
2013-12-17 17:43:03,1387302183,262,0,0,0,0,0,0,0,0,0
2013-12-17 17:43:04,1387302184,262,0,0,0,0,0,0,0,0,0
2013-12-17 17:43:18,1387302198,261,0,0,0,0,0,0,0,0,0
2013-12-17 17:43:19,1387302199,259,0,0,0,0,0,0,0,0,0
2013-12-17 17:43:20,1387302200,259,0,0,0,0,0,0,0,0,0
2013-12-17 17:43:33,1387302213,261,0,0,0,0,0,0,0,0,0
2013-12-17 17:43:34,1387302214,261,0,0,0,0,0,0,0,0,0
2013-12-17 17:43:35,1387302215,261,0,0,0,0,0,0,0,0,0
2013-12-17 17:43:48,1387302228,258,0,0,0,0,0,0,0,0,0
2013-12-17 17:43:49,1387302229,258,0,0,0,0,0,0,0,0,0
2013-12-17 17:44:03,1387302243,262,0,0,0,0,0,0,0,0,0
2013-12-17 17:44:04,1387302244,262,0,0,0,0,0,0,0,0,0
2013-12-17 17:44:18,1387302258,252,0,0,0,0,0,0,0,0,0
2013-12-17 17:44:19,1387302259,252,0,0,0,0,0,0,0,0,0
2013-12-17 17:44:33,1387302273,261,0,0,0,0,0,0,0,0,0
2013-12-17 17:44:34,1387302274,261,0,0,0,0,0,0,0,0,0
2013-12-17 17:44:48,1387302288,259,0,0,0,0,0,0,0,0,0
2013-12-17 17:44:49,1387302289,259,0,0,0,0,0,0,0,0,0
2013-12-17 17:45:03,1387302303,256,0,0,0,0,0,0,0,0,0
2013-12-17 17:45:04,1387302304,256,0,0,0,0,0,0,0,0,0
2013-12-17 17:45:18,1387302318,261,0,0,0,0,0,0,0,0,0
2013-12-17 17:45:19,1387302319,261,0,0,0,0,0,0,0,0,0
2013-12-17 17:45:34,1387302334,255,0,0,0,0,0,0,0,0,0
2013-12-17 17:45:49,1387302349,262,0,0,0,0,0,0,0,0,0
2013-12-17 17:46:03,1387302363,259,0,0,0,0,0,0,0,0,0
2013-12-17 17:46:04,1387302364,259,0,0,0,0,0,0,0,0,0
2013-12-17 17:46:18,1387302378,259,0,0,0,0,0,0,0,0,0
2013-12-17 17:46:19,1387302379,259,0,0,0,0,0,0,0,0,0
2013-12-17 17:46:33,1387302393,258,0,0,0,0,0,0,0,0,0
2013-12-17 17:46:34,1387302394,258,0,0,0,0,0,0,0,0,0
2013-12-17 17:46:48,1387302408,258,0,0,0,0,0,0,0,0,0
2013-12-17 17:46:49,1387302409,258,0,0,0,0,0,0,0,0,0
2013-12-17 17:47:03,1387302423,262,0,0,0,0,0,0,0,0,0
2013-12-17 17:47:18,1387302438,255,0,0,0,0,0,0,0,0,0
2013-12-17 17:47:33,1387302453,249,0,0,0,0,0,0,0,0,0
2013-12-17 17:47:48,1387302468,251,0,0,0,0,0,0,0,0,0
2013-12-17 17:48:03,1387302483,247,0,0,0,0,0,0,0,0,0
2013-12-17 17:48:18,1387302498,250,0,0,0,0,0,0,0,0,0
2013-12-17 17:48:19,1387302499,250,0,0,0,0,0,0,0,0,0
2013-12-17 17:48:33,1387302513,245,0,0,0,0,0,0,0,0,0
2013-12-17 17:48:34,1387302514,245,0,0,0,0,0,0,0,0,0
2013-12-17 17:48:48,1387302528,252,0,0,0,0,0,0,0,0,0
2013-12-17 17:48:49,1387302529,252,0,0,0,0,0,0,0,0,0
2013-12-17 17:49:03,1387302543,251,0,0,0,0,0,0,0,0,0
2013-12-17 17:49:04,1387302544,251,0,0,0,0,0,0,0,0,0
2013-12-17 17:49:17,1387302557,249,0,0,0,0,0,0,0,0,0
2013-12-17 17:49:19,1387302559,249,0,0,0,0,0,0,0,0,0
2013-12-17 17:49:32,1387302572,249,0,0,0,0,0,0,0,0,0
2013-12-17 17:49:34,1387302574,249,0,0,0,0,0,0,0,0,0
2013-12-17 17:49:48,1387302588,247,0,0,0,0,0,0,0,0,0
2013-12-17 17:49:49,1387302589,247,0,0,0,0,0,0,0,0,0
2013-12-17 17:50:03,1387302603,241,0,0,0,0,0,0,0,0,0
2013-12-17 17:50:04,1387302604,241,0,0,0,0,0,0,0,0,0
2013-12-17 17:50:18,1387302618,250,0,0,0,0,0,0,0,0,0
2013-12-17 17:50:19,1387302619,250,0,0,0,0,0,0,0,0,0
2013-12-17 17:50:33,1387302633,254,0,0,0,0,0,0,0,0,0
2013-12-17 17:50:48,1387302648,250,0,0,0,0,0,0,0,0,0
2013-12-17 17:51:03,1387302663,250,0,0,0,0,0,0,0,0,0
2013-12-17 17:51:18,1387302678,244,0,0,0,0,0,0,0,0,0
2013-12-17 17:51:19,1387302679,244,0,0,0,0,0,0,0,0,0
2013-12-17 17:51:33,1387302693,251,0,0,0,0,0,0,0,0,0
2013-12-17 17:51:34,1387302694,251,0,0,0,0,0,0,0,0,0
2013-12-17 17:51:48,1387302708,247,0,0,0,0,0,0,0,0,0
2013-12-17 17:51:49,1387302709,247,0,0,0,0,0,0,0,0,0
2013-12-17 17:52:02,1387302722,249,0,0,0,0,0,0,0,0,0
2013-12-17 17:52:04,1387302724,243,0,0,0,0,0,0,0,0,0
2013-12-17 17:52:17,1387302737,263,0,0,0,0,0,0,0,0,0
2013-12-17 17:52:19,1387302739,263,0,0,0,0,0,0,0,0,0
2013-12-17 17:52:32,1387302752,257,0,0,0,0,0,0,0,0,0
2013-12-17 17:52:33,1387302753,261,0,0,0,0,0,0,0,0,0
2013-12-17 17:52:34,1387302754,261,0,0,0,0,0,0,0,0,0
2013-12-17 17:52:48,1387302768,264,0,0,0,0,0,0,0,0,0
2013-12-17 17:52:49,1387302769,264,0,0,0,0,0,0,0,0,0
2013-12-17 17:53:03,1387302783,259,0,0,0,0,0,0,0,0,0
2013-12-17 17:53:04,1387302784,259,0,0,0,0,0,0,0,0,0
2013-12-17 17:53:18,1387302798,262,0,0,0,0,0,0,0,0,0
2013-12-17 17:53:19,1387302799,262,0,0,0,0,0,0,0,0,0
2013-12-17 17:53:33,1387302813,257,0,0,0,0,0,0,0,0,0
2013-12-17 17:53:34,1387302814,257,0,0,0,0,0,0,0,0,0
2013-12-17 17:53:48,1387302828,261,0,0,0,0,0,0,0,0,0
2013-12-17 17:53:49,1387302829,261,0,0,0,0,0,0,0,0,0
2013-12-17 17:54:03,1387302843,257,0,0,0,0,0,0,0,0,0
2013-12-17 17:54:18,1387302858,257,0,0,0,0,0,0,0,0,0
2013-12-17 17:54:19,1387302859,257,0,0,0,0,0,0,0,0,0
2013-12-17 17:54:33,1387302873,257,0,0,0,0,0,0,0,0,0
2013-12-17 17:54:34,1387302874,257,0,0,0,0,0,0,0,0,0
2013-12-17 17:54:48,1387302888,262,0,0,0,0,0,0,0,0,0
2013-12-17 17:55:03,1387302903,255,0,0,0,0,0,0,0,0,0
2013-12-17 17:55:18,1387302918,255,0,0,0,0,0,0,0,0,0
2013-12-17 17:55:19,1387302919,255,0,0,0,0,0,0,0,0,0
2013-12-17 17:55:33,1387302933,258,0,0,0,0,0,0,0,0,0
2013-12-17 17:55:34,1387302934,258,0,0,0,0,0,0,0,0,0
2013-12-17 17:55:48,1387302948,259,0,0,0,0,0,0,0,0,0
2013-12-17 17:55:49,1387302949,259,0,0,0,0,0,0,0,0,0
2013-12-17 17:56:03,1387302963,259,0,0,0,0,0,0,0,0,0
2013-12-17 17:56:04,1387302964,259,0,0,0,0,0,0,0,0,0
2013-12-17 17:56:18,1387302978,255,0,0,0,0,0,0,0,0,0
2013-12-17 17:56:19,1387302979,261,0,0,0,0,0,0,0,0,0
2013-12-17 17:56:33,1387302993,258,0,0,0,0,0,0,0,0,0
2013-12-17 17:56:34,1387302994,258,0,0,0,0,0,0,0,0,0
2013-12-17 17:56:49,1387303009,261,0,0,0,0,0,0,0,0,0
2013-12-17 17:57:03,1387303023,255,0,0,0,0,0,0,0,0,0
2013-12-17 17:57:04,1387303024,255,0,0,0,0,0,0,0,0,0
2013-12-17 17:57:18,1387303038,261,0,0,0,0,0,0,0,0,0
2013-12-17 17:57:19,1387303039,261,0,0,0,0,0,0,0,0,0
2013-12-17 17:57:33,1387303053,258,0,0,0,0,0,0,0,0,0
2013-12-17 17:57:34,1387303054,258,0,0,0,0,0,0,0,0,0
2013-12-17 17:57:48,1387303068,255,0,0,0,0,0,0,0,0,0
2013-12-17 17:57:49,1387303069,255,0,0,0,0,0,0,0,0,0
2013-12-17 17:58:03,1387303083,261,0,0,0,0,0,0,0,0,0
2013-12-17 17:58:18,1387303098,262,0,0,0,0,0,0,0,0,0
2013-12-17 17:58:20,1387303100,262,0,0,0,0,0,0,0,0,0
2013-12-17 17:58:33,1387303113,262,0,0,0,0,0,0,0,0,0
2013-12-17 17:58:34,1387303114,262,0,0,0,0,0,0,0,0,0
2013-12-17 17:58:48,1387303128,256,0,0,0,0,0,0,0,0,0
2013-12-17 17:58:49,1387303129,256,0,0,0,0,0,0,0,0,0
2013-12-17 17:59:03,1387303143,254,0,0,0,0,0,0,0,0,0
2013-12-17 17:59:04,1387303144,254,0,0,0,0,0,0,0,0,0
2013-12-17 17:59:18,1387303158,259,0,0,0,0,0,0,0,0,0
2013-12-17 17:59:19,1387303159,259,0,0,0,0,0,0,0,0,0
2013-12-17 17:59:33,1387303173,257,0,0,0,0,0,0,0,0,0
2013-12-17 17:59:34,1387303174,259,0,0,0,0,0,0,0,0,0
2013-12-17 17:59:48,1387303188,259,0,0,0,0,0,0,0,0,0
2013-12-17 17:59:49,1387303189,259,0,0,0,0,0,0,0,0,0
2013-12-17 18:00:03,1387303203,253,0,0,0,0,0,0,0,0,0
2013-12-17 18:00:04,1387303204,249,0,0,0,0,0,0,0,0,0
2013-12-17 18:00:18,1387303218,255,0,0,0,0,0,0,0,0,0
2013-12-17 18:00:19,1387303219,255,0,0,0,0,0,0,0,0,0
2013-12-17 18:00:33,1387303233,256,0,0,0,0,0,0,0,0,0
2013-12-17 18:00:48,1387303248,256,0,0,0,0,0,0,0,0,0
2013-12-17 18:01:02,1387303262,251,0,0,0,0,0,0,0,0,0
2013-12-17 18:01:03,1387303263,251,0,0,0,0,0,0,0,0,0
2013-12-17 18:01:17,1387303277,251,0,0,0,0,0,0,0,0,0
2013-12-17 18:01:18,1387303278,251,0,0,0,0,0,0,0,0,0
2013-12-17 18:01:19,1387303279,251,0,0,0,0,0,0,0,0,0
2013-12-17 18:01:32,1387303292,245,0,0,0,0,0,0,0,0,0
2013-12-17 18:01:33,1387303293,245,0,0,0,0,0,0,0,0,0
2013-12-17 18:01:34,1387303294,245,0,0,0,0,0,0,0,0,0
2013-12-17 18:01:48,1387303308,250,0,0,0,0,0,0,0,0,0
2013-12-17 18:01:49,1387303309,250,0,0,0,0,0,0,0,0,0
2013-12-17 18:02:03,1387303323,253,0,0,0,0,0,0,0,0,0
2013-12-17 18:02:04,1387303324,253,0,0,0,0,0,0,0,0,0
2013-12-17 18:02:18,1387303338,246,0,0,0,0,0,0,0,0,0
2013-12-17 18:02:19,1387303339,247,0,0,0,0,0,0,0,0,0
2013-12-17 18:02:33,1387303353,246,0,0,0,0,0,0,0,0,0
2013-12-17 18:02:48,1387303368,253,0,0,0,0,0,0,0,0,0
2013-12-17 18:03:03,1387303383,252,0,0,0,0,0,0,0,0,0
2013-12-17 18:03:18,1387303398,247,0,0,0,0,0,0,0,0,0
2013-12-17 18:03:19,1387303399,247,0,0,0,0,0,0,0,0,0
2013-12-17 18:03:33,1387303413,249,0,0,0,0,0,0,0,0,0
2013-12-17 18:03:34,1387303414,249,0,0,0,0,0,0,0,0,0
2013-12-17 18:03:48,1387303428,252,0,0,0,0,0,0,0,0,0
2013-12-17 18:03:49,1387303429,252,0,0,0,0,0,0,0,0,0
2013-12-17 18:04:03,1387303443,251,0,0,0,0,0,0,0,0,0
2013-12-17 18:04:18,1387303458,252,0,0,0,0,0,0,0,0,0
2013-12-17 18:04:20,1387303460,252,0,0,0,0,0,0,0,0,0
2013-12-17 18:04:33,1387303473,263,0,0,0,0,0,0,0,0,0
2013-12-17 18:04:34,1387303474,263,0,0,0,0,0,0,0,0,0
2013-12-17 18:04:48,1387303488,263,0,0,0,0,0,0,0,0,0
2013-12-17 18:04:49,1387303489,263,0,0,0,0,0,0,0,0,0
2013-12-17 18:05:03,1387303503,262,0,0,0,0,0,0,0,0,0
2013-12-17 18:05:04,1387303504,262,0,0,0,0,0,0,0,0,0
2013-12-17 18:05:18,1387303518,261,0,0,0,0,0,0,0,0,0
2013-12-17 18:05:19,1387303519,261,0,0,0,0,0,0,0,0,0
2013-12-17 18:05:33,1387303533,263,0,0,0,0,0,0,0,0,0
2013-12-17 18:05:34,1387303534,263,0,0,0,0,0,0,0,0,0
2013-12-17 18:05:49,1387303549,254,0,0,0,0,0,0,0,0,0
2013-12-17 18:06:04,1387303564,263,0,0,0,0,0,0,0,0,0
2013-12-17 18:06:19,1387303579,259,0,0,0,0,0,0,0,0,0
2013-12-17 18:06:34,1387303594,256,0,0,0,0,0,0,0,0,0
2013-12-17 18:06:49,1387303609,261,0,0,0,0,0,0,0,0,0
2013-12-17 18:07:03,1387303623,257,0,0,0,0,0,0,0,0,0
2013-12-17 18:07:04,1387303624,261,0,0,0,0,0,0,0,0,0
2013-12-17 18:07:18,1387303638,264,0,0,0,0,0,0,0,0,0
2013-12-17 18:07:19,1387303639,264,0,0,0,0,0,0,0,0,0
2013-12-17 18:07:33,1387303653,261,0,0,0,0,0,0,0,0,0
2013-12-17 18:07:34,1387303654,261,0,0,0,0,0,0,0,0,0
2013-12-17 18:07:48,1387303668,263,0,0,0,0,0,0,0,0,0
2013-12-17 18:07:49,1387303669,263,0,0,0,0,0,0,0,0,0
2013-12-17 18:08:03,1387303683,258,0,0,0,0,0,0,0,0,0
2013-12-17 18:08:04,1387303684,258,0,0,0,0,0,0,0,0,0
2013-12-17 18:08:18,1387303698,258,0,0,0,0,0,0,0,0,0
2013-12-17 18:08:19,1387303699,258,0,0,0,0,0,0,0,0,0
2013-12-17 18:08:33,1387303713,257,0,0,0,0,0,0,0,0,0
2013-12-17 18:08:34,1387303714,257,0,0,0,0,0,0,0,0,0
2013-12-17 18:08:48,1387303728,261,0,0,0,0,0,0,0,0,0
2013-12-17 18:08:49,1387303729,261,0,0,0,0,0,0,0,0,0
2013-12-17 18:09:02,1387303742,257,0,0,0,0,0,0,0,0,0
2013-12-17 18:09:04,1387303744,257,0,0,0,0,0,0,0,0,0
2013-12-17 18:09:17,1387303757,257,0,0,0,0,0,0,0,0,0
2013-12-17 18:09:19,1387303759,262,0,0,0,0,0,0,0,0,0
2013-12-17 18:09:32,1387303772,262,0,0,0,0,0,0,0,0,0
2013-12-17 18:09:33,1387303773,262,0,0,0,0,0,0,0,0,0
2013-12-17 18:09:34,1387303774,262,0,0,0,0,0,0,0,0,0
2013-12-17 18:09:48,1387303788,264,0,0,0,0,0,0,0,0,0
2013-12-17 18:09:49,1387303789,259,0,0,0,0,0,0,0,0,0
2013-12-17 18:10:03,1387303803,262,0,0,0,0,0,0,0,0,0
2013-12-17 18:10:04,1387303804,262,0,0,0,0,0,0,0,0,0
2013-12-17 18:10:18,1387303818,257,0,0,0,0,0,0,0,0,0
2013-12-17 18:10:19,1387303819,257,0,0,0,0,0,0,0,0,0
2013-12-17 18:10:33,1387303833,261,0,0,0,0,0,0,0,0,0
2013-12-17 18:10:34,1387303834,261,0,0,0,0,0,0,0,0,0
2013-12-17 18:10:48,1387303848,261,0,0,0,0,0,0,0,0,0
2013-12-17 18:10:49,1387303849,261,0,0,0,0,0,0,0,0,0
2013-12-17 18:11:03,1387303863,258,0,0,0,0,0,0,0,0,0
2013-12-17 18:11:18,1387303878,257,0,0,0,0,0,0,0,0,0
2013-12-17 18:11:20,1387303880,257,0,0,0,0,0,0,0,0,0
2013-12-17 18:11:33,1387303893,256,0,0,0,0,0,0,0,0,0
2013-12-17 18:11:34,1387303894,256,0,0,0,0,0,0,0,0,0
2013-12-17 18:11:48,1387303908,265,0,0,0,0,0,0,0,0,0
2013-12-17 18:11:49,1387303909,265,0,0,0,0,0,0,0,0,0
2013-12-17 18:12:03,1387303923,257,0,0,0,0,0,0,0,0,0
2013-12-17 18:12:04,1387303924,259,0,0,0,0,0,0,0,0,0
2013-12-17 18:12:18,1387303938,257,0,0,0,0,0,0,0,0,0
2013-12-17 18:12:19,1387303939,257,0,0,0,0,0,0,0,0,0
2013-12-17 18:12:33,1387303953,247,0,0,0,0,0,0,0,0,0
2013-12-17 18:12:34,1387303954,245,0,0,0,0,0,0,0,0,0
2013-12-17 18:12:49,1387303969,245,0,0,0,0,0,0,0,0,0
2013-12-17 18:13:04,1387303984,246,0,0,0,0,0,0,0,0,0
2013-12-17 18:13:18,1387303998,249,0,0,0,0,0,0,0,0,0
2013-12-17 18:13:19,1387303999,249,0,0,0,0,0,0,0,0,0
2013-12-17 18:13:33,1387304013,252,0,0,0,0,0,0,0,0,0
2013-12-17 18:13:34,1387304014,252,0,0,0,0,0,0,0,0,0
2013-12-17 18:13:48,1387304028,244,0,0,0,0,0,0,0,0,0
2013-12-17 18:13:49,1387304029,244,0,0,0,0,0,0,0,0,0
2013-12-17 18:14:03,1387304043,252,0,0,0,0,0,0,0,0,0
2013-12-17 18:14:18,1387304058,243,0,0,0,0,0,0,0,0,0
2013-12-17 18:14:19,1387304059,243,0,0,0,0,0,0,0,0,0
2013-12-17 18:14:33,1387304073,253,0,0,0,0,0,0,0,0,0
2013-12-17 18:14:34,1387304074,253,0,0,0,0,0,0,0,0,0
2013-12-17 18:14:48,1387304088,251,0,0,0,0,0,0,0,0,0
2013-12-17 18:14:49,1387304089,251,0,0,0,0,0,0,0,0,0
2013-12-17 18:15:03,1387304103,245,0,0,0,0,0,0,0,0,0
2013-12-17 18:15:04,1387304104,245,0,0,0,0,0,0,0,0,0
2013-12-17 18:15:17,1387304117,249,0,0,0,0,0,0,0,0,0
2013-12-17 18:15:19,1387304119,247,0,0,0,0,0,0,0,0,0
2013-12-17 18:15:32,1387304132,249,0,0,0,0,0,0,0,0,0
2013-12-17 18:15:34,1387304134,249,0,0,0,0,0,0,0,0,0
2013-12-17 18:15:49,1387304149,247,0,0,0,0,0,0,0,0,0
2013-12-17 18:16:03,1387304163,247,0,0,0,0,0,0,0,0,0
2013-12-17 18:16:04,1387304164,247,0,0,0,0,0,0,0,0,0
2013-12-17 18:16:18,1387304178,253,0,0,0,0,0,0,0,0,0
2013-12-17 18:16:19,1387304179,251,0,0,0,0,0,0,0,0,0
2013-12-17 18:16:33,1387304193,245,0,0,0,0,0,0,0,0,0
2013-12-17 18:16:34,1387304194,245,0,0,0,0,0,0,0,0,0
2013-12-17 18:16:48,1387304208,247,0,0,0,0,0,0,0,0,0
2013-12-17 18:16:49,1387304209,251,0,0,0,0,0,0,0,0,0
2013-12-17 18:17:03,1387304223,265,0,0,0,0,0,0,0,0,0
2013-12-17 18:17:04,1387304224,265,0,0,0,0,0,0,0,0,0
2013-12-17 18:17:18,1387304238,266,0,0,0,0,0,0,0,0,0
2013-12-17 18:17:19,1387304239,266,0,0,0,0,0,0,0,0,0
2013-12-17 18:17:33,1387304253,263,0,0,0,0,0,0,0,0,0
2013-12-17 18:17:34,1387304254,263,0,0,0,0,0,0,0,0,0
2013-12-17 18:17:48,1387304268,258,0,0,0,0,0,0,0,0,0
2013-12-17 18:17:49,1387304269,258,0,0,0,0,0,0,0,0,0
2013-12-17 18:18:03,1387304283,262,0,0,0,0,0,0,0,0,0
2013-12-17 18:18:04,1387304284,262,0,0,0,0,0,0,0,0,0
2013-12-17 18:18:18,1387304298,259,0,0,0,0,0,0,0,0,0
2013-12-17 18:18:19,1387304299,259,0,0,0,0,0,0,0,0,0
2013-12-17 18:18:33,1387304313,264,0,0,0,0,0,0,0,0,0
2013-12-17 18:18:34,1387304314,264,0,0,0,0,0,0,0,0,0
2013-12-17 18:18:48,1387304328,261,0,0,0,0,0,0,0,0,0
2013-12-17 18:18:49,1387304329,261,0,0,0,0,0,0,0,0,0
2013-12-17 18:19:02,1387304342,261,0,0,0,0,0,0,0,0,0
2013-12-17 18:19:04,1387304344,258,0,0,0,0,0,0,0,0,0
2013-12-17 18:19:18,1387304358,262,0,0,0,0,0,0,0,0,0
2013-12-17 18:19:19,1387304359,262,0,0,0,0,0,0,0,0,0
2013-12-17 18:19:33,1387304373,263,0,0,0,0,0,0,0,0,0
2013-12-17 18:19:34,1387304374,263,0,0,0,0,0,0,0,0,0
2013-12-17 18:19:48,1387304388,259,0,0,0,0,0,0,0,0,0
2013-12-17 18:19:49,1387304389,259,0,0,0,0,0,0,0,0,0
2013-12-17 18:20:03,1387304403,257,0,0,0,0,0,0,0,0,0
2013-12-17 18:20:04,1387304404,264,0,0,0,0,0,0,0,0,0
2013-12-17 18:20:18,1387304418,259,0,0,0,0,0,0,0,0,0
2013-12-17 18:20:19,1387304419,259,0,0,0,0,0,0,0,0,0
2013-12-17 18:20:33,1387304433,259,0,0,0,0,0,0,0,0,0
2013-12-17 18:20:34,1387304434,263,0,0,0,0,0,0,0,0,0
2013-12-17 18:20:48,1387304448,261,0,0,0,0,0,0,0,0,0
2013-12-17 18:20:49,1387304449,261,0,0,0,0,0,0,0,0,0
2013-12-17 18:21:03,1387304463,262,0,0,0,0,0,0,0,0,0
2013-12-17 18:21:04,1387304464,262,0,0,0,0,0,0,0,0,0
2013-12-17 18:21:18,1387304478,261,0,0,0,0,0,0,0,0,0
2013-12-17 18:21:19,1387304479,261,0,0,0,0,0,0,0,0,0
2013-12-17 18:21:33,1387304493,258,0,0,0,0,0,0,0,0,0
2013-12-17 18:21:34,1387304494,258,0,0,0,0,0,0,0,0,0
2013-12-17 18:21:48,1387304508,258,0,0,0,0,0,0,0,0,0
2013-12-17 18:21:49,1387304509,258,0,0,0,0,0,0,0,0,0
2013-12-17 18:22:03,1387304523,261,0,0,0,0,0,0,0,0,0
2013-12-17 18:22:04,1387304524,261,0,0,0,0,0,0,0,0,0
2013-12-17 18:22:18,1387304538,259,0,0,0,0,0,0,0,0,0
2013-12-17 18:22:19,1387304539,259,0,0,0,0,0,0,0,0,0
2013-12-17 18:22:20,1387304540,259,0,0,0,0,0,0,0,0,0
2013-12-17 18:22:33,1387304553,258,0,0,0,0,0,0,0,0,0
2013-12-17 18:22:34,1387304554,258,0,0,0,0,0,0,0,0,0
2013-12-17 18:22:35,1387304555,258,0,0,0,0,0,0,0,0,0
2013-12-17 18:22:49,1387304569,258,0,0,0,0,0,0,0,0,0
2013-12-17 18:22:50,1387304570,258,0,0,0,0,0,0,0,0,0
2013-12-17 18:23:03,1387304583,257,0,0,0,0,0,0,0,0,0
2013-12-17 18:23:04,1387304584,257,0,0,0,0,0,0,0,0,0
2013-12-17 18:23:18,1387304598,258,0,0,0,0,0,0,0,0,0
2013-12-17 18:23:19,1387304599,258,0,0,0,0,0,0,0,0,0
2013-12-17 18:23:33,1387304613,264,0,0,0,0,0,0,0,0,0
2013-12-17 18:23:34,1387304614,264,0,0,0,0,0,0,0,0,0
2013-12-17 18:23:48,1387304628,262,0,0,0,0,0,0,0,0,0
2013-12-17 18:23:49,1387304629,262,0,0,0,0,0,0,0,0,0
2013-12-17 18:24:03,1387304643,258,0,0,0,0,0,0,0,0,0
2013-12-17 18:24:04,1387304644,258,0,0,0,0,0,0,0,0,0
2013-12-17 18:24:18,1387304658,257,0,0,0,0,0,0,0,0,0
2013-12-17 18:24:19,1387304659,257,0,0,0,0,0,0,0,0,0
2013-12-17 18:24:33,1387304673,259,0,0,0,0,0,0,0,0,0
2013-12-17 18:24:34,1387304674,259,0,0,0,0,0,0,0,0,0
2013-12-17 18:24:48,1387304688,257,0,0,0,0,0,0,0,0,0
2013-12-17 18:25:03,1387304703,258,0,0,0,0,0,0,0,0,0
2013-12-17 18:25:17,1387304717,262,0,0,0,0,0,0,0,0,0
2013-12-17 18:25:18,1387304718,259,0,0,0,0,0,0,0,0,0
2013-12-17 18:25:19,1387304719,259,0,0,0,0,0,0,0,0,0
2013-12-17 18:25:32,1387304732,249,0,0,0,0,0,0,0,0,0
2013-12-17 18:25:33,1387304733,249,0,0,0,0,0,0,0,0,0
2013-12-17 18:25:34,1387304734,249,0,0,0,0,0,0,0,0,0
2013-12-17 18:25:48,1387304748,249,0,0,0,0,0,0,0,0,0
2013-12-17 18:26:03,1387304763,244,0,0,0,0,0,0,0,0,0
2013-12-17 18:26:18,1387304778,250,0,0,0,0,0,0,0,0,0
2013-12-17 18:26:19,1387304779,250,0,0,0,0,0,0,0,0,0
2013-12-17 18:26:33,1387304793,245,0,0,0,0,0,0,0,0,0
2013-12-17 18:26:34,1387304794,245,0,0,0,0,0,0,0,0,0
2013-12-17 18:26:48,1387304808,244,0,0,0,0,0,0,0,0,0
2013-12-17 18:26:49,1387304809,244,0,0,0,0,0,0,0,0,0
2013-12-17 18:27:03,1387304823,245,0,0,0,0,0,0,0,0,0
2013-12-17 18:27:04,1387304824,245,0,0,0,0,0,0,0,0,0
2013-12-17 18:27:18,1387304838,252,0,0,0,0,0,0,0,0,0
2013-12-17 18:27:19,1387304839,252,0,0,0,0,0,0,0,0,0
2013-12-17 18:27:33,1387304853,251,0,0,0,0,0,0,0,0,0
2013-12-17 18:27:34,1387304854,251,0,0,0,0,0,0,0,0,0
2013-12-17 18:27:48,1387304868,244,0,0,0,0,0,0,0,0,0
2013-12-17 18:27:49,1387304869,244,0,0,0,0,0,0,0,0,0
2013-12-17 18:28:03,1387304883,252,0,0,0,0,0,0,0,0,0
2013-12-17 18:28:04,1387304884,245,0,0,0,0,0,0,0,0,0
2013-12-17 18:28:18,1387304898,252,0,0,0,0,0,0,0,0,0
2013-12-17 18:28:19,1387304899,252,0,0,0,0,0,0,0,0,0
2013-12-17 18:28:33,1387304913,250,0,0,0,0,0,0,0,0,0
2013-12-17 18:28:34,1387304914,252,0,0,0,0,0,0,0,0,0
2013-12-17 18:28:48,1387304928,252,0,0,0,0,0,0,0,0,0
2013-12-17 18:28:49,1387304929,252,0,0,0,0,0,0,0,0,0
2013-12-17 18:29:03,1387304943,246,0,0,0,0,0,0,0,0,0
2013-12-17 18:29:04,1387304944,246,0,0,0,0,0,0,0,0,0
2013-12-17 18:29:18,1387304958,251,0,0,0,0,0,0,0,0,0
2013-12-17 18:29:32,1387304972,249,0,0,0,0,0,0,0,0,0
2013-12-17 18:29:33,1387304973,249,0,0,0,0,0,0,0,0,0
2013-12-17 18:29:48,1387304988,247,0,0,0,0,0,0,0,0,0
2013-12-17 18:30:03,1387305003,246,0,0,0,0,0,0,0,0,0
2013-12-17 18:30:18,1387305018,270,0,0,0,0,0,0,0,0,0
2013-12-17 18:30:19,1387305019,270,0,0,0,0,0,0,0,0,0
2013-12-17 18:30:32,1387305032,265,0,0,0,0,0,0,0,0,0
2013-12-17 18:30:33,1387305033,265,0,0,0,0,0,0,0,0,0
2013-12-17 18:30:34,1387305034,265,0,0,0,0,0,0,0,0,0
2013-12-17 18:30:47,1387305047,256,0,0,0,0,0,0,0,0,0
2013-12-17 18:30:49,1387305049,256,0,0,0,0,0,0,0,0,0
2013-12-17 18:31:02,1387305062,262,0,0,0,0,0,0,0,0,0
2013-12-17 18:31:04,1387305064,262,0,0,0,0,0,0,0,0,0
2013-12-17 18:31:17,1387305077,258,0,0,0,0,0,0,0,0,0
2013-12-17 18:31:19,1387305079,263,0,0,0,0,0,0,0,0,0
2013-12-17 18:31:32,1387305092,258,0,0,0,0,0,0,0,0,0
2013-12-17 18:31:34,1387305094,258,0,0,0,0,0,0,0,0,0
2013-12-17 18:31:48,1387305108,259,0,0,0,0,0,0,0,0,0
2013-12-17 18:31:49,1387305109,259,0,0,0,0,0,0,0,0,0
2013-12-17 18:32:03,1387305123,258,0,0,0,0,0,0,0,0,0
2013-12-17 18:32:04,1387305124,258,0,0,0,0,0,0,0,0,0
2013-12-17 18:32:18,1387305138,261,0,0,0,0,0,0,0,0,0
2013-12-17 18:32:19,1387305139,261,0,0,0,0,0,0,0,0,0
2013-12-17 18:32:33,1387305153,258,0,0,0,0,0,0,0,0,0
2013-12-17 18:32:34,1387305154,258,0,0,0,0,0,0,0,0,0
2013-12-17 18:32:48,1387305168,257,0,0,0,0,0,0,0,0,0
2013-12-17 18:32:49,1387305169,257,0,0,0,0,0,0,0,0,0
2013-12-17 18:33:03,1387305183,255,0,0,0,0,0,0,0,0,0
2013-12-17 18:33:04,1387305184,255,0,0,0,0,0,0,0,0,0
2013-12-17 18:33:18,1387305198,255,0,0,0,0,0,0,0,0,0
2013-12-17 18:33:19,1387305199,255,0,0,0,0,0,0,0,0,0
2013-12-17 18:33:33,1387305213,258,0,0,0,0,0,0,0,0,0
2013-12-17 18:33:34,1387305214,258,0,0,0,0,0,0,0,0,0
2013-12-17 18:33:48,1387305228,257,0,0,0,0,0,0,0,0,0
2013-12-17 18:33:49,1387305229,255,0,0,0,0,0,0,0,0,0
2013-12-17 18:34:03,1387305243,256,0,0,0,0,0,0,0,0,0
2013-12-17 18:34:04,1387305244,256,0,0,0,0,0,0,0,0,0
2013-12-17 18:34:18,1387305258,259,0,0,0,0,0,0,0,0,0
2013-12-17 18:34:19,1387305259,259,0,0,0,0,0,0,0,0,0
2013-12-17 18:34:33,1387305273,256,0,0,0,0,0,6,0,0,0
2013-12-17 18:34:34,1387305274,256,0,0,0,0,0,6,0,0,0
2013-12-17 18:34:48,1387305288,322,0,0,0,0,0,66,0,0,0
2013-12-17 18:34:49,1387305289,322,0,0,0,0,0,66,0,0,0
2013-12-17 18:35:03,1387305303,324,0,0,0,0,0,68,0,0,0
2013-12-17 18:35:18,1387305318,341,0,0,0,0,0,69,0,0,0
2013-12-17 18:35:19,1387305319,341,0,0,0,0,0,69,0,0,0
2013-12-17 18:35:33,1387305333,342,0,0,0,0,0,69,0,0,0
2013-12-17 18:35:34,1387305334,342,0,0,0,0,0,69,0,0,0
2013-12-17 18:35:48,1387305348,344,0,0,0,0,0,69,0,0,0
2013-12-17 18:36:03,1387305363,336,0,0,0,0,0,69,0,0,0
2013-12-17 18:36:18,1387305378,342,0,0,0,0,0,70,0,0,0
2013-12-17 18:36:19,1387305379,342,0,0,0,0,0,70,0,0,0
2013-12-17 18:36:33,1387305393,344,0,0,0,0,0,70,0,0,0
2013-12-17 18:36:34,1387305394,344,0,0,0,0,0,70,0,0,0
2013-12-17 18:36:48,1387305408,343,0,0,0,0,0,71,0,0,0
2013-12-17 18:36:49,1387305409,343,0,0,0,0,0,71,0,0,0
2013-12-17 18:37:03,1387305423,338,0,0,0,0,0,71,0,0,0
2013-12-17 18:37:04,1387305424,338,0,0,0,0,0,71,0,0,0
2013-12-17 18:37:18,1387305438,341,0,0,0,0,0,72,0,0,0
2013-12-17 18:37:19,1387305439,341,0,0,0,0,0,72,0,0,0
2013-12-17 18:37:33,1387305453,343,0,0,0,0,0,71,0,0,0
2013-12-17 18:37:34,1387305454,340,0,0,0,0,0,71,0,0,0
2013-12-17 18:37:49,1387305469,338,0,0,0,0,0,71,0,0,0
2013-12-17 18:38:04,1387305484,344,0,0,0,0,0,71,0,0,0
2013-12-17 18:38:19,1387305499,338,0,0,0,0,0,72,0,0,0
2013-12-17 18:38:33,1387305513,345,0,0,0,0,0,71,0,0,0
2013-12-17 18:38:34,1387305514,345,0,0,0,0,0,71,0,0,0
2013-12-17 18:38:48,1387305528,332,0,0,0,0,0,71,0,0,0
2013-12-17 18:38:49,1387305529,332,0,0,0,0,0,71,0,0,0
2013-12-17 18:39:03,1387305543,334,0,0,0,0,0,71,0,0,0
2013-12-17 18:39:04,1387305544,334,0,0,0,0,0,71,0,0,0
2013-12-17 18:39:18,1387305558,1624,0,0,0,0,0,71,0,0,0
2013-12-17 18:39:33,1387305573,403,84,0,0,0,0,70,0,0,0
2013-12-17 18:39:48,1387305588,402,88,0,0,0,0,71,0,0,0
2013-12-17 18:40:03,1387305603,402,86,0,0,0,0,71,0,0,0
2013-12-17 18:40:18,1387305618,404,87,0,0,0,0,71,0,0,0
2013-12-17 18:40:33,1387305633,406,87,0,0,0,0,71,0,0,0
2013-12-17 18:40:48,1387305648,403,85,0,0,0,0,71,0,0,0
2013-12-17 18:41:03,1387305663,401,81,0,0,0,0,71,0,0,0
2013-12-17 18:41:18,1387305678,401,82,0,0,0,0,70,0,0,0
2013-12-17 18:41:32,1387305692,401,81,0,0,0,0,71,0,0,0
2013-12-17 18:41:33,1387305693,401,81,0,0,0,0,71,0,0,0
2013-12-17 18:41:34,1387305694,401,81,0,0,0,0,71,0,0,0
2013-12-17 18:41:48,1387305708,397,80,0,0,0,0,71,0,0,0
2013-12-17 18:41:49,1387305709,397,80,0,0,0,0,71,0,0,0
2013-12-17 18:42:03,1387305723,399,79,0,0,0,0,71,0,0,0
2013-12-17 18:42:18,1387305738,391,78,0,0,0,0,71,0,0,0
2013-12-17 18:42:19,1387305739,391,78,0,0,0,0,71,0,0,0
2013-12-17 18:42:33,1387305753,398,78,0,0,0,0,70,0,0,0
2013-12-17 18:42:34,1387305754,398,78,0,0,0,0,70,0,0,0
2013-12-17 18:42:48,1387305768,397,77,0,0,0,0,71,0,0,0
2013-12-17 18:42:49,1387305769,397,77,0,0,0,0,71,0,0,0
2013-12-17 18:43:03,1387305783,395,77,0,0,0,0,71,0,0,0
2013-12-17 18:43:18,1387305798,395,77,0,0,0,0,70,0,0,0
2013-12-17 18:43:19,1387305799,395,77,0,0,0,0,70,0,0,0
2013-12-17 18:43:33,1387305813,432,77,0,0,0,0,71,0,0,0
2013-12-17 18:43:34,1387305814,432,77,0,0,0,0,71,0,0,0
2013-12-17 18:43:48,1387305828,424,77,0,0,0,0,71,0,0,0
2013-12-17 18:44:03,1387305843,415,77,0,0,0,0,71,0,0,0
2013-12-17 18:44:18,1387305858,416,76,0,0,0,0,70,0,0,0
2013-12-17 18:44:19,1387305859,416,76,0,0,0,0,70,0,0,0
2013-12-17 18:44:33,1387305873,413,76,0,0,0,0,71,0,0,0
2013-12-17 18:44:34,1387305874,411,76,0,0,0,0,71,0,0,0
2013-12-17 18:44:48,1387305888,415,76,0,0,0,0,71,0,0,0
2013-12-17 18:44:49,1387305889,415,76,0,0,0,0,71,0,0,0
2013-12-17 18:45:03,1387305903,421,77,0,0,0,0,71,0,0,0
2013-12-17 18:45:04,1387305904,421,76,0,0,0,0,71,0,0,0
2013-12-17 18:45:18,1387305918,413,76,0,0,0,0,71,0,0,0
2013-12-17 18:45:19,1387305919,413,76,0,0,0,0,71,0,0,0
2013-12-17 18:45:32,1387305932,415,76,0,0,0,0,70,0,0,0
2013-12-17 18:45:33,1387305933,415,76,0,0,0,0,70,0,0,0
2013-12-17 18:45:34,1387305934,415,76,0,0,0,0,71,0,0,0
2013-12-17 18:45:48,1387305948,419,76,0,0,0,0,70,0,0,0
2013-12-17 18:45:49,1387305949,419,76,0,0,0,0,70,0,0,0
2013-12-17 18:46:03,1387305963,415,77,0,0,0,0,71,0,0,0
2013-12-17 18:46:04,1387305964,415,77,0,0,0,0,71,0,0,0
2013-12-17 18:46:18,1387305978,417,76,0,0,0,0,71,0,0,0
2013-12-17 18:46:19,1387305979,417,76,0,0,0,0,71,0,0,0
2013-12-17 18:46:33,1387305993,412,75,0,0,0,0,71,0,0,0
2013-12-17 18:46:34,1387305994,412,75,0,0,0,0,71,0,0,0
2013-12-17 18:46:48,1387306008,417,76,0,0,0,0,70,0,0,0
2013-12-17 18:46:49,1387306009,417,76,0,0,0,0,70,0,0,0
2013-12-17 18:47:03,1387306023,415,76,0,0,0,0,71,0,0,0
2013-12-17 18:47:04,1387306024,415,76,0,0,0,0,71,0,0,0
2013-12-17 18:47:18,1387306038,413,77,0,0,0,0,71,0,0,0
2013-12-17 18:47:20,1387306040,417,77,0,0,0,0,71,0,0,0
2013-12-17 18:47:33,1387306053,412,76,0,0,0,0,71,0,0,0
2013-12-17 18:47:34,1387306054,412,76,0,0,0,0,71,0,0,0
2013-12-17 18:47:48,1387306068,412,76,0,0,0,0,71,0,0,0
2013-12-17 18:47:49,1387306069,414,76,0,0,0,0,71,0,0,0
2013-12-17 18:48:03,1387306083,421,76,0,0,0,0,71,0,0,0
2013-12-17 18:48:04,1387306084,421,76,0,0,0,0,71,0,0,0
2013-12-17 18:48:18,1387306098,413,75,0,0,0,0,71,0,0,0
2013-12-17 18:48:19,1387306099,413,75,0,0,0,0,71,0,0,0
2013-12-17 18:48:33,1387306113,415,75,0,0,0,0,71,0,0,0
2013-12-17 18:48:34,1387306114,415,75,0,0,0,0,71,0,0,0
2013-12-17 18:48:49,1387306129,414,75,0,0,0,0,71,0,0,0
2013-12-17 18:49:04,1387306144,411,76,0,0,0,0,70,0,0,0
2013-12-17 18:49:19,1387306159,410,75,0,0,0,0,70,0,0,0
2013-12-17 18:49:34,1387306174,413,75,0,0,0,0,70,0,0,0
2013-12-17 18:49:49,1387306189,410,75,0,0,0,0,71,0,0,0
2013-12-17 18:50:04,1387306204,414,76,0,0,0,0,70,0,0,0
2013-12-17 18:50:19,1387306219,416,74,0,0,0,0,70,0,0,0
2013-12-17 18:50:34,1387306234,412,74,0,0,0,0,71,0,0,0
2013-12-17 18:50:49,1387306249,412,75,0,0,0,0,71,0,0,0
2013-12-17 18:51:03,1387306263,410,74,0,0,0,0,70,0,0,0
2013-12-17 18:51:04,1387306264,409,74,0,0,0,0,70,0,0,0
2013-12-17 18:51:18,1387306278,409,75,0,0,0,0,71,0,0,0
2013-12-17 18:51:19,1387306279,409,75,0,0,0,0,71,0,0,0
2013-12-17 18:51:33,1387306293,412,75,0,0,0,0,71,0,0,0
2013-12-17 18:51:34,1387306294,412,75,0,0,0,0,71,0,0,0
2013-12-17 18:51:48,1387306308,416,74,0,0,0,0,71,0,0,0
2013-12-17 18:51:49,1387306309,416,74,0,0,0,0,71,0,0,0
2013-12-17 18:52:03,1387306323,412,75,0,0,0,0,70,0,0,0
2013-12-17 18:52:18,1387306338,410,75,0,0,0,0,70,0,0,0
2013-12-17 18:52:19,1387306339,410,75,0,0,0,0,70,0,0,0
2013-12-17 18:52:33,1387306353,413,74,0,0,0,0,70,0,0,0
2013-12-17 18:52:34,1387306354,413,74,0,0,0,0,70,0,0,0
2013-12-17 18:52:48,1387306368,411,75,0,0,0,0,70,0,0,0
2013-12-17 18:52:49,1387306369,411,75,0,0,0,0,70,0,0,0
2013-12-17 18:53:03,1387306383,414,74,0,0,0,0,70,0,0,0
2013-12-17 18:53:04,1387306384,414,74,0,0,0,0,70,0,0,0
2013-12-17 18:53:18,1387306398,401,74,0,0,0,0,70,0,0,0
2013-12-17 18:53:19,1387306399,395,74,0,0,0,0,70,0,0,0
2013-12-17 18:53:33,1387306413,397,74,0,0,0,0,70,0,0,0
2013-12-17 18:53:34,1387306414,397,74,0,0,0,0,70,0,0,0
2013-12-17 18:53:49,1387306429,403,73,0,0,0,0,70,0,0,0
2013-12-17 18:54:04,1387306444,401,74,0,0,0,0,70,0,0,0
2013-12-17 18:54:19,1387306459,398,74,0,0,0,0,70,0,0,0
2013-12-17 18:54:34,1387306474,400,73,0,0,0,0,70,0,0,0
2013-12-17 18:54:49,1387306489,400,74,0,0,0,0,70,0,0,0
2013-12-17 18:55:04,1387306504,399,74,0,0,0,0,70,0,0,0
2013-12-17 18:55:19,1387306519,403,73,0,0,0,0,71,0,0,0
2013-12-17 18:55:33,1387306533,398,73,0,0,0,0,71,0,0,0
2013-12-17 18:55:34,1387306534,398,73,0,0,0,0,71,0,0,0
2013-12-17 18:55:49,1387306549,400,73,0,0,0,0,69,0,0,0
2013-12-17 18:55:50,1387306550,400,73,0,0,0,0,69,0,0,0
2013-12-17 18:56:04,1387306564,404,73,0,0,0,0,70,0,0,0
2013-12-17 18:56:05,1387306565,404,73,0,0,0,0,70,0,0,0
2013-12-17 18:56:19,1387306579,404,73,0,0,0,0,70,0,0,0
2013-12-17 18:56:20,1387306580,404,73,0,0,0,0,70,0,0,0
2013-12-17 18:56:34,1387306594,402,73,0,0,0,0,70,0,0,0
2013-12-17 18:56:35,1387306595,402,73,0,0,0,0,70,0,0,0
2013-12-17 18:56:48,1387306608,400,73,0,0,0,0,70,0,0,0
2013-12-17 18:56:49,1387306609,400,73,0,0,0,0,70,0,0,0
2013-12-17 18:57:03,1387306623,402,73,0,0,0,0,70,0,0,0
2013-12-17 18:57:04,1387306624,402,73,0,0,0,0,70,0,0,0
2013-12-17 18:57:18,1387306638,398,73,0,0,0,0,70,0,0,0
2013-12-17 18:57:19,1387306639,398,73,0,0,0,0,70,0,0,0
2013-12-17 18:57:33,1387306653,399,72,0,0,0,0,70,0,0,0
2013-12-17 18:57:34,1387306654,397,72,0,0,0,0,70,0,0,0
2013-12-17 18:57:48,1387306668,402,73,0,0,0,0,70,0,0,0
2013-12-17 18:57:49,1387306669,402,73,0,0,0,0,70,0,0,0
2013-12-17 18:58:03,1387306683,414,73,0,0,0,0,70,0,0,0
2013-12-17 18:58:04,1387306684,414,73,0,0,0,0,70,0,0,0
2013-12-17 18:58:18,1387306698,413,73,0,0,0,0,70,0,0,0
2013-12-17 18:58:19,1387306699,413,73,0,0,0,0,70,0,0,0
2013-12-17 18:58:33,1387306713,411,73,0,0,0,0,70,0,0,0
2013-12-17 18:58:34,1387306714,411,73,0,0,0,0,70,0,0,0
2013-12-17 18:58:48,1387306728,411,73,0,0,0,0,70,0,0,0
2013-12-17 18:58:49,1387306729,411,73,0,0,0,0,70,0,0,0
2013-12-17 18:59:03,1387306743,412,73,0,0,0,0,70,0,0,0
2013-12-17 18:59:04,1387306744,412,73,0,0,0,0,70,0,0,0
2013-12-17 18:59:18,1387306758,413,72,0,0,0,0,70,0,0,0
2013-12-17 18:59:19,1387306759,413,72,0,0,0,0,70,0,0,0
2013-12-17 18:59:33,1387306773,413,72,0,0,0,0,70,0,0,0
2013-12-17 18:59:34,1387306774,413,72,0,0,0,0,70,0,0,0
2013-12-17 18:59:49,1387306789,408,72,0,0,0,0,70,0,0,0
2013-12-17 19:00:03,1387306803,410,71,0,0,0,0,70,0,0,0
2013-12-17 19:00:04,1387306804,410,71,0,0,0,0,70,0,0,0
2013-12-17 19:00:18,1387306818,412,72,0,0,0,0,70,0,0,0
2013-12-17 19:00:19,1387306819,412,72,0,0,0,0,70,0,0,0
2013-12-17 19:00:33,1387306833,410,72,0,0,0,0,70,0,0,0
2013-12-17 19:00:34,1387306834,410,72,0,0,0,0,70,0,0,0
2013-12-17 19:00:49,1387306849,414,71,0,0,0,0,70,0,0,0
2013-12-17 19:01:03,1387306863,412,72,0,0,0,0,70,0,0,0
2013-12-17 19:01:04,1387306864,412,72,0,0,0,0,70,0,0,0
2013-12-17 19:01:18,1387306878,410,72,0,0,0,0,70,0,0,0
2013-12-17 19:01:20,1387306880,412,72,0,0,0,0,70,0,0,0
2013-12-17 19:01:33,1387306893,406,72,0,0,0,0,70,0,0,0
2013-12-17 19:01:35,1387306895,406,72,0,0,0,0,70,0,0,0
2013-12-17 19:01:48,1387306908,411,71,0,0,0,0,70,0,0,0
2013-12-17 19:01:50,1387306910,408,71,0,0,0,0,70,0,0,0
2013-12-17 19:02:03,1387306923,410,71,0,0,0,0,69,0,0,0
2013-12-17 19:02:05,1387306925,410,71,0,0,0,0,70,0,0,0
2013-12-17 19:02:18,1387306938,411,71,0,0,0,0,70,0,0,0
2013-12-17 19:02:19,1387306939,411,71,0,0,0,0,70,0,0,0
2013-12-17 19:02:20,1387306940,411,71,0,0,0,0,70,0,0,0
2013-12-17 19:02:33,1387306953,406,71,0,0,0,0,70,0,0,0
2013-12-17 19:02:34,1387306954,406,71,0,0,0,0,70,0,0,0
2013-12-17 19:02:35,1387306955,406,71,0,0,0,0,70,0,0,0
2013-12-17 19:02:48,1387306968,411,72,0,0,0,0,70,0,0,0
2013-12-17 19:02:50,1387306970,411,71,0,0,0,0,70,0,0,0
2013-12-17 19:03:03,1387306983,410,72,0,0,0,0,70,0,0,0
2013-12-17 19:03:04,1387306984,410,72,0,0,0,0,70,0,0,0
2013-12-17 19:03:18,1387306998,406,71,0,0,0,0,70,0,0,0
2013-12-17 19:03:19,1387306999,406,71,0,0,0,0,70,0,0,0
2013-12-17 19:03:33,1387307013,410,72,0,0,0,0,70,0,0,0
2013-12-17 19:03:34,1387307014,410,72,0,0,0,0,70,0,0,0
2013-12-17 19:03:48,1387307028,409,72,0,0,0,0,70,0,0,0
2013-12-17 19:03:49,1387307029,409,72,0,0,0,0,70,0,0,0
2013-12-17 19:04:03,1387307043,411,72,0,0,0,0,70,0,0,0
2013-12-17 19:04:18,1387307058,404,72,0,0,0,0,70,0,0,0
2013-12-17 19:04:19,1387307059,404,72,0,0,0,0,70,0,0,0
2013-12-17 19:04:33,1387307073,408,72,0,0,0,0,70,0,0,0
2013-12-17 19:04:34,1387307074,408,72,0,0,0,0,70,0,0,0
2013-12-17 19:04:49,1387307089,406,72,0,0,0,0,70,0,0,0
2013-12-17 19:05:03,1387307103,408,71,0,0,0,0,70,0,0,0
2013-12-17 19:05:04,1387307104,408,71,0,0,0,0,70,0,0,0
2013-12-17 19:05:18,1387307118,411,71,0,0,0,0,69,0,0,0
2013-12-17 19:05:19,1387307119,411,72,0,0,0,0,69,0,0,0
2013-12-17 19:05:33,1387307133,406,71,0,0,0,0,69,0,0,0
2013-12-17 19:05:34,1387307134,406,71,0,0,0,0,69,0,0,0
2013-12-17 19:05:48,1387307148,408,72,0,0,0,0,69,0,0,0
2013-12-17 19:06:03,1387307163,410,71,0,0,0,0,69,0,0,0
2013-12-17 19:06:18,1387307178,405,71,0,0,0,0,70,0,0,0
2013-12-17 19:06:19,1387307179,405,71,0,0,0,0,70,0,0,0
2013-12-17 19:06:33,1387307193,408,71,0,0,0,0,70,0,0,0
2013-12-17 19:06:34,1387307194,408,71,0,0,0,0,70,0,0,0
2013-12-17 19:06:48,1387307208,408,71,0,0,0,0,70,0,0,0
2013-12-17 19:06:49,1387307209,408,71,0,0,0,0,70,0,0,0
2013-12-17 19:07:03,1387307223,412,71,0,0,0,0,70,0,0,0
2013-12-17 19:07:18,1387307238,406,70,0,0,0,0,69,0,0,0
2013-12-17 19:07:19,1387307239,406,70,0,0,0,0,69,0,0,0
2013-12-17 19:07:33,1387307253,394,71,0,0,0,0,70,0,0,0
2013-12-17 19:07:34,1387307254,394,71,0,0,0,0,70,0,0,0
2013-12-17 19:07:48,1387307268,398,70,0,0,0,0,69,0,0,0
2013-12-17 19:07:49,1387307269,398,70,0,0,0,0,69,0,0,0
2013-12-17 19:08:03,1387307283,395,72,0,0,0,0,70,0,0,0
2013-12-17 19:08:04,1387307284,395,72,0,0,0,0,70,0,0,0
2013-12-17 19:08:18,1387307298,394,71,0,0,0,0,69,0,0,0
2013-12-17 19:08:19,1387307299,394,71,0,0,0,0,69,0,0,0
2013-12-17 19:08:33,1387307313,399,70,0,0,0,0,70,0,0,0
2013-12-17 19:08:34,1387307314,399,70,0,0,0,0,70,0,0,0
2013-12-17 19:08:49,1387307329,398,71,0,0,0,0,69,0,0,0
2013-12-17 19:09:04,1387307344,400,70,0,0,0,0,70,0,0,0
2013-12-17 19:09:19,1387307359,400,71,0,0,0,0,70,0,0,0
2013-12-17 19:09:34,1387307374,394,70,0,0,0,0,70,0,0,0
2013-12-17 19:09:35,1387307375,394,71,0,0,0,0,70,0,0,0
2013-12-17 19:09:49,1387307389,399,71,0,0,0,0,69,0,0,0
2013-12-17 19:09:50,1387307390,399,71,0,0,0,0,69,0,0,0
2013-12-17 19:10:04,1387307404,393,71,0,0,0,0,70,0,0,0
2013-12-17 19:10:05,1387307405,393,71,0,0,0,0,70,0,0,0
2013-12-17 19:10:18,1387307418,395,70,0,0,0,0,70,0,0,0
2013-12-17 19:10:19,1387307419,395,70,0,0,0,0,70,0,0,0
2013-12-17 19:10:20,1387307420,395,70,0,0,0,0,70,0,0,0
2013-12-17 19:10:33,1387307433,397,71,0,0,0,0,69,0,0,0
2013-12-17 19:10:34,1387307434,394,71,0,0,0,0,69,0,0,0
2013-12-17 19:10:35,1387307435,394,71,0,0,0,0,69,0,0,0
2013-12-17 19:10:48,1387307448,400,71,0,0,0,0,70,0,0,0
2013-12-17 19:10:50,1387307450,400,71,0,0,0,0,70,0,0,0
2013-12-17 19:11:03,1387307463,402,71,0,0,0,0,69,0,0,0
2013-12-17 19:11:05,1387307465,397,71,0,0,0,0,69,0,0,0
2013-12-17 19:11:18,1387307478,394,71,0,0,0,0,70,0,0,0
2013-12-17 19:11:19,1387307479,394,71,0,0,0,0,70,0,0,0
2013-12-17 19:11:20,1387307480,394,71,0,0,0,0,70,0,0,0
2013-12-17 19:11:33,1387307493,400,71,0,0,0,0,70,0,0,0
2013-12-17 19:11:34,1387307494,400,70,0,0,0,0,70,0,0,0
2013-12-17 19:11:35,1387307495,394,70,0,0,0,0,70,0,0,0
2013-12-17 19:11:48,1387307508,397,71,0,0,0,0,70,0,0,0
2013-12-17 19:11:49,1387307509,397,71,0,0,0,0,70,0,0,0
2013-12-17 19:12:03,1387307523,399,71,0,0,0,0,70,0,0,0
2013-12-17 19:12:04,1387307524,399,71,0,0,0,0,69,0,0,0
2013-12-17 19:12:18,1387307538,419,71,0,0,0,0,70,0,0,0
2013-12-17 19:12:19,1387307539,419,71,0,0,0,0,70,0,0,0
2013-12-17 19:12:20,1387307540,419,71,0,0,0,0,70,0,0,0
2013-12-17 19:12:32,1387307552,410,70,0,0,0,0,69,0,0,0
2013-12-17 19:12:34,1387307554,410,70,0,0,0,0,69,0,0,0
2013-12-17 19:12:35,1387307555,410,70,0,0,0,0,70,0,0,0
2013-12-17 19:12:49,1387307569,411,70,0,0,0,0,69,0,0,0
2013-12-17 19:12:50,1387307570,411,70,0,0,0,0,69,0,0,0
2013-12-17 19:13:04,1387307584,410,71,0,0,0,0,70,0,0,0
2013-12-17 19:13:05,1387307585,410,71,0,0,0,0,70,0,0,0
2013-12-17 19:13:19,1387307599,410,70,0,0,0,0,70,0,0,0
2013-12-17 19:13:20,1387307600,410,70,0,0,0,0,70,0,0,0
2013-12-17 19:13:34,1387307614,406,70,0,0,0,0,70,0,0,0
2013-12-17 19:13:35,1387307615,405,70,0,0,0,0,70,0,0,0
2013-12-17 19:13:49,1387307629,405,70,0,0,0,0,69,0,0,0
2013-12-17 19:14:04,1387307644,411,70,0,0,0,0,69,0,0,0
2013-12-17 19:14:18,1387307658,405,70,0,0,0,0,69,0,0,0
2013-12-17 19:14:19,1387307659,405,70,0,0,0,0,69,0,0,0
2013-12-17 19:14:33,1387307673,409,70,0,0,0,0,69,0,0,0
2013-12-17 19:14:34,1387307674,409,71,0,0,0,0,69,0,0,0
2013-12-17 19:14:48,1387307688,411,70,0,0,0,0,70,0,0,0
2013-12-17 19:14:49,1387307689,411,70,0,0,0,0,70,0,0,0
2013-12-17 19:15:03,1387307703,408,70,0,0,0,0,69,0,0,0
2013-12-17 19:15:04,1387307704,408,70,0,0,0,0,69,0,0,0
2013-12-17 19:15:18,1387307718,409,70,0,0,0,0,70,0,0,0
2013-12-17 19:15:19,1387307719,409,70,0,0,0,0,70,0,0,0
2013-12-17 19:15:33,1387307733,409,70,0,0,0,0,70,0,0,0
2013-12-17 19:15:34,1387307734,409,70,0,0,0,0,70,0,0,0
2013-12-17 19:15:49,1387307749,411,70,0,0,0,0,70,0,0,0
2013-12-17 19:16:03,1387307763,404,71,0,0,0,0,70,0,0,0
2013-12-17 19:16:04,1387307764,404,71,0,0,0,0,70,0,0,0
2013-12-17 19:16:18,1387307778,406,70,0,0,0,0,69,0,0,0
2013-12-17 19:16:19,1387307779,406,70,0,0,0,0,69,0,0,0
2013-12-17 19:16:33,1387307793,403,70,0,0,0,0,70,0,0,0
2013-12-17 19:16:34,1387307794,403,70,0,0,0,0,70,0,0,0
2013-12-17 19:16:48,1387307808,405,70,0,0,0,0,69,0,0,0
2013-12-17 19:16:49,1387307809,405,70,0,0,0,0,69,0,0,0
2013-12-17 19:17:03,1387307823,410,70,0,0,0,0,70,0,0,0
2013-12-17 19:17:04,1387307824,410,70,0,0,0,0,70,0,0,0
2013-12-17 19:17:18,1387307838,408,70,0,0,0,0,69,0,0,0
2013-12-17 19:17:19,1387307839,408,70,0,0,0,0,69,0,0,0
2013-12-17 19:17:33,1387307853,406,71,0,0,0,0,69,0,0,0
2013-12-17 19:17:34,1387307854,406,71,0,0,0,0,69,0,0,0
2013-12-17 19:17:48,1387307868,406,70,0,0,0,0,69,0,0,0
2013-12-17 19:18:03,1387307883,410,70,0,0,0,0,69,0,0,0
2013-12-17 19:18:18,1387307898,405,70,0,0,0,0,69,0,0,0
2013-12-17 19:18:19,1387307899,405,70,0,0,0,0,69,0,0,0
2013-12-17 19:18:33,1387307913,410,70,0,0,0,0,69,0,0,0
2013-12-17 19:18:34,1387307914,410,70,0,0,0,0,69,0,0,0
2013-12-17 19:18:48,1387307928,406,69,0,0,0,0,69,0,0,0
2013-12-17 19:18:49,1387307929,406,69,0,0,0,0,69,0,0,0
2013-12-17 19:19:03,1387307943,408,69,0,0,0,0,70,0,0,0
2013-12-17 19:19:04,1387307944,406,69,0,0,0,0,70,0,0,0
2013-12-17 19:19:18,1387307958,412,70,0,0,0,0,69,0,0,0
2013-12-17 19:19:19,1387307959,412,70,0,0,0,0,69,0,0,0
2013-12-17 19:19:33,1387307973,402,70,0,0,0,0,69,0,0,0
2013-12-17 19:19:34,1387307974,402,70,0,0,0,0,69,0,0,0
2013-12-17 19:19:48,1387307988,409,70,0,0,0,0,69,0,0,0
2013-12-17 19:20:03,1387308003,402,69,0,0,0,0,69,0,0,0
2013-12-17 19:20:18,1387308018,406,71,0,0,0,0,70,0,0,0
2013-12-17 19:20:19,1387308019,406,71,0,0,0,0,70,0,0,0
2013-12-17 19:20:33,1387308033,405,70,0,0,0,0,70,0,0,0
2013-12-17 19:20:34,1387308034,405,70,0,0,0,0,70,0,0,0
2013-12-17 19:20:48,1387308048,409,70,0,0,0,0,69,0,0,0
2013-12-17 19:20:49,1387308049,409,69,0,0,0,0,69,0,0,0
2013-12-17 19:21:03,1387308063,406,70,0,0,0,0,69,0,0,0
2013-12-17 19:21:04,1387308064,406,70,0,0,0,0,69,0,0,0
2013-12-17 19:21:18,1387308078,402,70,0,0,0,0,68,0,0,0
2013-12-17 19:21:19,1387308079,402,70,0,0,0,0,68,0,0,0
2013-12-17 19:21:33,1387308093,397,70,0,0,0,0,69,0,0,0
2013-12-17 19:21:34,1387308094,397,70,0,0,0,0,69,0,0,0
2013-12-17 19:21:48,1387308108,393,70,0,0,0,0,69,0,0,0
2013-12-17 19:22:03,1387308123,391,70,0,0,0,0,69,0,0,0
2013-12-17 19:22:18,1387308138,393,70,0,0,0,0,69,0,0,0
2013-12-17 19:22:19,1387308139,393,70,0,0,0,0,69,0,0,0
2013-12-17 19:22:33,1387308153,399,69,0,0,0,0,69,0,0,0
2013-12-17 19:22:34,1387308154,399,69,0,0,0,0,69,0,0,0
2013-12-17 19:22:48,1387308168,394,69,0,0,0,0,70,0,0,0
2013-12-17 19:22:50,1387308170,394,69,0,0,0,0,70,0,0,0
2013-12-17 19:23:03,1387308183,393,69,0,0,0,0,69,0,0,0
2013-12-17 19:23:04,1387308184,393,69,0,0,0,0,69,0,0,0
2013-12-17 19:23:18,1387308198,395,69,0,0,0,0,69,0,0,0
2013-12-17 19:23:19,1387308199,395,69,0,0,0,0,69,0,0,0
2013-12-17 19:23:33,1387308213,400,69,0,0,0,0,70,0,0,0
2013-12-17 19:23:34,1387308214,400,69,0,0,0,0,69,0,0,0
2013-12-17 19:23:49,1387308229,400,69,0,0,0,0,69,0,0,0
2013-12-17 19:24:04,1387308244,398,69,0,0,0,0,69,0,0,0
2013-12-17 19:24:19,1387308259,394,69,0,0,0,0,69,0,0,0
2013-12-17 19:24:33,1387308273,399,69,0,0,0,0,70,0,0,0
2013-12-17 19:24:34,1387308274,399,69,0,0,0,0,70,0,0,0
2013-12-17 19:24:48,1387308288,397,68,0,0,0,0,69,0,0,0
2013-12-17 19:24:49,1387308289,397,68,0,0,0,0,69,0,0,0
2013-12-17 19:25:03,1387308303,399,68,0,0,0,0,69,0,0,0
2013-12-17 19:25:04,1387308304,399,68,0,0,0,0,69,0,0,0
2013-12-17 19:25:18,1387308318,392,68,0,0,0,0,70,0,0,0
2013-12-17 19:25:19,1387308319,392,68,0,0,0,0,70,0,0,0
2013-12-17 19:25:33,1387308333,394,69,0,0,0,0,69,0,0,0
2013-12-17 19:25:34,1387308334,394,69,0,0,0,0,69,0,0,0
2013-12-17 19:25:49,1387308349,400,69,0,0,0,0,69,0,0,0
2013-12-17 19:26:04,1387308364,395,69,0,0,0,0,69,0,0,0
2013-12-17 19:26:19,1387308379,394,70,0,0,0,0,69,0,0,0
2013-12-17 19:26:33,1387308393,408,69,0,0,0,0,69,0,0,0
2013-12-17 19:26:34,1387308394,408,69,0,0,0,0,69,0,0,0
2013-12-17 19:26:48,1387308408,404,69,0,0,0,0,69,0,0,0
2013-12-17 19:26:49,1387308409,404,69,0,0,0,0,69,0,0,0
2013-12-17 19:27:03,1387308423,409,68,0,0,0,0,69,0,0,0
2013-12-17 19:27:04,1387308424,409,68,0,0,0,0,69,0,0,0
2013-12-17 19:27:18,1387308438,405,68,0,0,0,0,70,0,0,0
2013-12-17 19:27:19,1387308439,405,68,0,0,0,0,68,0,0,0
2013-12-17 19:27:33,1387308453,408,69,0,0,0,0,69,0,0,0
2013-12-17 19:27:34,1387308454,408,69,0,0,0,0,69,0,0,0
2013-12-17 19:27:48,1387308468,402,69,0,0,0,0,69,0,0,0
2013-12-17 19:27:49,1387308469,402,69,0,0,0,0,69,0,0,0
2013-12-17 19:28:03,1387308483,408,68,0,0,0,0,69,0,0,0
2013-12-17 19:28:18,1387308498,405,69,0,0,0,0,69,0,0,0
2013-12-17 19:28:19,1387308499,405,69,0,0,0,0,69,0,0,0
2013-12-17 19:28:33,1387308513,408,68,0,0,0,0,69,0,0,0
2013-12-17 19:28:34,1387308514,408,68,0,0,0,0,69,0,0,0
2013-12-17 19:28:48,1387308528,405,69,0,0,0,0,69,0,0,0
2013-12-17 19:28:49,1387308529,405,69,0,0,0,0,69,0,0,0
2013-12-17 19:29:03,1387308543,402,69,0,0,0,0,69,0,0,0
2013-12-17 19:29:04,1387308544,402,69,0,0,0,0,69,0,0,0
2013-12-17 19:29:18,1387308558,409,68,0,0,0,0,69,0,0,0
2013-12-17 19:29:19,1387308559,409,68,0,0,0,0,69,0,0,0
2013-12-17 19:29:33,1387308573,409,68,0,0,0,0,69,0,0,0
2013-12-17 19:29:34,1387308574,409,68,0,0,0,0,69,0,0,0
2013-12-17 19:29:48,1387308588,409,68,0,0,0,0,69,0,0,0
2013-12-17 19:29:49,1387308589,409,68,0,0,0,0,69,0,0,0
2013-12-17 19:30:03,1387308603,408,69,0,0,0,0,69,0,0,0
2013-12-17 19:30:04,1387308604,408,69,0,0,0,0,69,0,0,0
2013-12-17 19:30:18,1387308618,410,67,0,0,0,0,69,0,0,0
2013-12-17 19:30:19,1387308619,409,67,0,0,0,0,69,0,0,0
2013-12-17 19:30:33,1387308633,405,68,0,0,0,0,69,0,0,0
2013-12-17 19:30:34,1387308634,405,68,0,0,0,0,69,0,0,0
2013-12-17 19:30:48,1387308648,409,69,0,0,0,0,69,0,0,0
2013-12-17 19:30:49,1387308649,406,69,0,0,0,0,69,0,0,0
2013-12-17 19:31:03,1387308663,402,68,0,0,0,0,69,0,0,0
2013-12-17 19:31:04,1387308664,402,68,0,0,0,0,69,0,0,0
2013-12-17 19:31:18,1387308678,403,68,0,0,0,0,69,0,0,0
2013-12-17 19:31:19,1387308679,403,68,0,0,0,0,69,0,0,0
2013-12-17 19:31:33,1387308693,405,68,0,0,0,0,69,0,0,0
2013-12-17 19:31:34,1387308694,405,68,0,0,0,0,69,0,0,0
2013-12-17 19:31:48,1387308708,405,69,0,0,0,0,69,0,0,0
2013-12-17 19:31:49,1387308709,405,69,0,0,0,0,69,0,0,0
2013-12-17 19:32:03,1387308723,403,69,0,0,0,0,69,0,0,0
2013-12-17 19:32:04,1387308724,403,69,0,0,0,0,69,0,0,0
2013-12-17 19:32:18,1387308738,402,68,0,0,0,0,69,0,0,0
2013-12-17 19:32:19,1387308739,402,68,0,0,0,0,69,0,0,0
2013-12-17 19:32:32,1387308752,408,67,0,0,0,0,69,0,0,0
2013-12-17 19:32:33,1387308753,408,67,0,0,0,0,69,0,0,0
2013-12-17 19:32:48,1387308768,405,68,0,0,0,0,69,0,0,0
2013-12-17 19:33:03,1387308783,404,68,0,0,0,0,69,0,0,0
2013-12-17 19:33:18,1387308798,410,67,0,0,0,0,69,0,0,0
2013-12-17 19:33:33,1387308813,406,68,0,0,0,0,69,0,0,0
2013-12-17 19:33:48,1387308828,404,68,0,0,0,0,69,0,0,0
2013-12-17 19:34:03,1387308843,404,68,0,0,0,0,69,0,0,0
2013-12-17 19:34:18,1387308858,406,69,0,0,0,0,69,0,0,0
2013-12-17 19:34:20,1387308860,406,69,0,0,0,0,69,0,0,0
2013-12-17 19:34:33,1387308873,402,67,0,0,0,0,69,0,0,0
2013-12-17 19:34:35,1387308875,408,67,0,0,0,0,69,0,0,0
2013-12-17 19:34:48,1387308888,409,68,0,0,0,0,69,0,0,0
2013-12-17 19:34:49,1387308889,409,68,0,0,0,0,69,0,0,0
2013-12-17 19:35:03,1387308903,409,67,0,0,0,0,69,0,0,0
2013-12-17 19:35:04,1387308904,406,67,0,0,0,0,69,0,0,0
2013-12-17 19:35:18,1387308918,394,68,0,0,0,0,69,0,0,0
2013-12-17 19:35:19,1387308919,394,68,0,0,0,0,69,0,0,0
2013-12-17 19:35:33,1387308933,397,68,0,0,0,0,69,0,0,0
2013-12-17 19:35:34,1387308934,397,68,0,0,0,0,69,0,0,0
2013-12-17 19:35:48,1387308948,392,67,0,0,0,0,69,0,0,0
2013-12-17 19:35:49,1387308949,392,67,0,0,0,0,69,0,0,0
2013-12-17 19:36:03,1387308963,395,68,0,0,0,0,69,0,0,0
2013-12-17 19:36:04,1387308964,395,68,0,0,0,0,69,0,0,0
2013-12-17 19:36:17,1387308977,398,68,0,0,0,0,69,0,0,0
2013-12-17 19:36:19,1387308979,398,68,0,0,0,0,69,0,0,0
2013-12-17 19:36:32,1387308992,399,67,0,0,0,0,68,0,0,0
2013-12-17 19:36:33,1387308993,399,67,0,0,0,0,69,0,0,0
2013-12-17 19:36:34,1387308994,399,67,0,0,0,0,69,0,0,0
2013-12-17 19:36:47,1387309007,392,68,0,0,0,0,69,0,0,0
2013-12-17 19:36:48,1387309008,392,68,0,0,0,0,69,0,0,0
2013-12-17 19:37:02,1387309022,393,68,0,0,0,0,69,0,0,0
2013-12-17 19:37:03,1387309023,393,68,0,0,0,0,69,0,0,0
2013-12-17 19:37:17,1387309037,398,68,0,0,0,0,69,0,0,0
2013-12-17 19:37:18,1387309038,397,68,0,0,0,0,69,0,0,0
2013-12-17 19:37:19,1387309039,397,68,0,0,0,0,69,0,0,0
2013-12-17 19:37:32,1387309052,392,68,0,0,0,0,69,0,0,0
2013-12-17 19:37:33,1387309053,392,68,0,0,0,0,69,0,0,0
2013-12-17 19:37:48,1387309068,400,68,0,0,0,0,69,0,0,0
2013-12-17 19:38:03,1387309083,394,68,0,0,0,0,69,0,0,0
2013-12-17 19:38:18,1387309098,395,69,0,0,0,0,69,0,0,0
2013-12-17 19:38:19,1387309099,395,69,0,0,0,0,69,0,0,0
2013-12-17 19:38:33,1387309113,392,68,0,0,0,0,68,0,0,0
2013-12-17 19:38:34,1387309114,392,67,0,0,0,0,68,0,0,0
2013-12-17 19:38:48,1387309128,391,67,0,0,0,0,69,0,0,0
2013-12-17 19:38:49,1387309129,391,67,0,0,0,0,69,0,0,0
2013-12-17 19:39:03,1387309143,395,68,0,0,0,0,69,0,0,0
2013-12-17 19:39:18,1387309158,397,68,0,0,0,0,69,0,0,0
2013-12-17 19:39:19,1387309159,397,68,0,0,0,0,69,0,0,0
2013-12-17 19:39:33,1387309173,390,68,0,0,0,0,69,0,0,0
2013-12-17 19:39:34,1387309174,390,68,0,0,0,0,69,0,0,0
2013-12-17 19:39:48,1387309188,392,68,0,0,0,0,69,0,0,0
2013-12-17 19:40:03,1387309203,390,68,0,0,0,0,69,0,0,0
2013-12-17 19:40:18,1387309218,405,68,0,0,0,0,69,0,0,0
2013-12-17 19:40:19,1387309219,405,68,0,0,0,0,69,0,0,0
2013-12-17 19:40:33,1387309233,401,67,0,0,0,0,70,0,0,0
2013-12-17 19:40:34,1387309234,401,67,0,0,0,0,70,0,0,0
2013-12-17 19:40:48,1387309248,409,68,0,0,0,0,69,0,0,0
2013-12-17 19:40:49,1387309249,409,68,0,0,0,0,69,0,0,0
2013-12-17 19:41:03,1387309263,404,68,0,0,0,0,69,0,0,0
2013-12-17 19:41:04,1387309264,404,68,0,0,0,0,69,0,0,0
2013-12-17 19:41:18,1387309278,406,67,0,0,0,0,69,0,0,0
2013-12-17 19:41:19,1387309279,406,67,0,0,0,0,69,0,0,0
2013-12-17 19:41:33,1387309293,405,67,0,0,0,0,69,0,0,0
2013-12-17 19:41:34,1387309294,405,67,0,0,0,0,69,0,0,0
2013-12-17 19:41:49,1387309309,409,68,0,0,0,0,69,0,0,0
